age,16.789980732177263
Medu,2.5394990366088632
Fedu,2.327552986512524
traveltime,1.5549132947976878
studytime,1.928709055876686
failures,0.24470134874759153
famrel,3.9055876685934487
freetime,3.1714836223506744
goout,3.186897880539499
Dalc,1.4990366088631986
Walc,2.2909441233140657
health,3.5587668593448942
absences,3.722543352601156
school_MS,0.3448940269749518
sex_M,0.4142581888246628
address_U,0.6994219653179191
famsize_LE3,0.3063583815028902
Pstatus_T,0.8747591522157996
Mjob_health,0.07514450867052024
Mjob_other,0.3872832369942196
Mjob_services,0.22157996146435452
Mjob_teacher,0.11368015414258188
Fjob_health,0.038535645472061654
Fjob_other,0.5626204238921002
Fjob_services,0.2774566473988439
Fjob_teacher,0.06165703275529865
reason_home,0.2254335260115607
reason_other,0.10789980732177264
reason_reputation,0.2254335260115607
guardian_mother,0.7071290944123314
guardian_other,0.0674373795761079
schoolsup_yes,0.10597302504816955
famsup_yes,0.6127167630057804
paid_yes,0.05973025048169557
activities_yes,0.49903660886319845
nursery_yes,0.815028901734104
higher_yes,0.884393063583815
internet_yes,0.766859344894027
romantic_yes,0.36608863198458574
